Workbook
Name iris: 'Data & K-means'!$A$2:$E$151

Sheet Data & K-means
A1: Sepal Length | B1: Sepal Width | C1: Petal Length | D1: Petal Width | E1: Species | G1: Initial Centroids | H1: Sepal Length | I1: Sepal Width | J1: Petal Length | K1: Petal Width | L1: Distance K1 | M1: Distance K2 | N1: Distance K3 | O1: Cluster ID | P1: D. K1 (It 2) | Q1: D. K2 (It 2) | R1: D. K3 (It 2) | S1: Cluster ID (It 2) | T1: Converged? | U1: K1 Petal Length | V1: K1 Petal Width | W1: K2 Petal Length | X1: K2 Petal Width | Y1: K3 Petal Length | Z1: K3 Petal Width
A2: 5.1 | B2: 3.5 | C2: 1.4 | D2: 0.2 | E2: Iris-setosa | G2: K1 | H2: 4.3 | I2: 3.0 | J2: 1.1 | K2: 0.1 | L2: =SQRT(POWER(A2-$H$2,2) + POWER(B2-$I$2,2) + POWER(C2-$J$2,2) + POWER(D2-$K$2,2)) -> 0.99498744 | M2: =SQRT(POWER(A2-$H$3,2) + POWER(B2-$I$3,2) + POWER(C2-$J$3,2) + POWER(D2-$K$3,2)) -> 4.0472213 | N2: =SQRT(POWER(A2-$H$4,2) + POWER(B2-$I$4,2) + POWER(C2-$J$4,2) + POWER(D2-$K$4,2)) -> 5.1215232 | O2: =MATCH(MIN(L2:N2), L2:N2, 0) -> 1 | P2: =SQRT(POWER(A2-$H$12,2) + POWER(B2-$I$12,2) + POWER(C2-$J$12,2) + POWER(D2-$K$12,2)) -> 0.99498744 | Q2: =SQRT(POWER(A2-$H$13,2) + POWER(B2-$I$13,2) + POWER(C2-$J$13,2) + POWER(D2-$K$13,2)) -> 4.0472213 | R2: =SQRT(POWER(A2-$H$14,2) + POWER(B2-$I$14,2) + POWER(C2-$J$14,2) + POWER(D2-$K$14,2)) -> 5.1215232 | S2: =MATCH(MIN(P2:R2), P2:R2, 0) -> 1 | T2: =IF(O2=S2, 1, 0) -> 1 | U2: =IF($S2=1,$C2+0,"") -> 1.4 | V2: =IF($S2=1,$D2+0,"") -> 0.2 | W2: =IF($S2=2,$C2+0,"") | X2: =IF($S2=2,$D2+0,"") | Y2: =IF($S2=3,$C2+0,"") | Z2: =IF($S2=3,$D2+0,"")
A3: 4.9 | B3: 3.0 | C3: 1.4 | D3: 0.2 | E3: Iris-setosa | G3: K2 | H3: 6.8 | I3: 2.8 | J3: 4.8 | K3: 1.4 | L3: =SQRT(POWER(A3-$H$2,2) + POWER(B3-$I$2,2) + POWER(C3-$J$2,2) + POWER(D3-$K$2,2)) -> 0.678233 | M3: =SQRT(POWER(A3-$H$3,2) + POWER(B3-$I$3,2) + POWER(C3-$J$3,2) + POWER(D3-$K$3,2)) -> 4.0804412 | N3: =SQRT(POWER(A3-$H$4,2) + POWER(B3-$I$4,2) + POWER(C3-$J$4,2) + POWER(D3-$K$4,2)) -> 5.1903757 | O3: =MATCH(MIN(L3:N3), L3:N3, 0) -> 1 | P3: =SQRT(POWER(A3-$H$12,2) + POWER(B3-$I$12,2) + POWER(C3-$J$12,2) + POWER(D3-$K$12,2)) -> 0.678233 | Q3: =SQRT(POWER(A3-$H$13,2) + POWER(B3-$I$13,2) + POWER(C3-$J$13,2) + POWER(D3-$K$13,2)) -> 4.0804412 | R3: =SQRT(POWER(A3-$H$14,2) + POWER(B3-$I$14,2) + POWER(C3-$J$14,2) + POWER(D3-$K$14,2)) -> 5.1903757 | S3: =MATCH(MIN(P3:R3), P3:R3, 0) -> 1 | T3: =IF(O3=S3, 1, 0) -> 1 | U3: =IF($S3=1,$C3+0,"") -> 1.4 | V3: =IF($S3=1,$D3+0,"") -> 0.2 | W3: =IF($S3=2,$C3+0,"") | X3: =IF($S3=2,$D3+0,"") | Y3: =IF($S3=3,$C3+0,"") | Z3: =IF($S3=3,$D3+0,"")
A4: 4.7 | B4: 3.2 | C4: 1.3 | D4: 0.2 | E4: Iris-setosa | G4: K3 | H4: 6.9 | I4: 3.2 | J4: 5.7 | K4: 2.3 | L4: =SQRT(POWER(A4-$H$2,2) + POWER(B4-$I$2,2) + POWER(C4-$J$2,2) + POWER(D4-$K$2,2)) -> 0.5 | M4: =SQRT(POWER(A4-$H$3,2) + POWER(B4-$I$3,2) + POWER(C4-$J$3,2) + POWER(D4-$K$3,2)) -> 4.2731721 | N4: =SQRT(POWER(A4-$H$4,2) + POWER(B4-$I$4,2) + POWER(C4-$J$4,2) + POWER(D4-$K$4,2)) -> 5.3488316 | O4: =MATCH(MIN(L4:N4), L4:N4, 0) -> 1 | P4: =SQRT(POWER(A4-$H$12,2) + POWER(B4-$I$12,2) + POWER(C4-$J$12,2) + POWER(D4-$K$12,2)) -> 0.5 | Q4: =SQRT(POWER(A4-$H$13,2) + POWER(B4-$I$13,2) + POWER(C4-$J$13,2) + POWER(D4-$K$13,2)) -> 4.2731721 | R4: =SQRT(POWER(A4-$H$14,2) + POWER(B4-$I$14,2) + POWER(C4-$J$14,2) + POWER(D4-$K$14,2)) -> 5.3488316 | S4: =MATCH(MIN(P4:R4), P4:R4, 0) -> 1 | T4: =IF(O4=S4, 1, 0) -> 1 | U4: =IF($S4=1,$C4+0,"") -> 1.3 | V4: =IF($S4=1,$D4+0,"") -> 0.2 | W4: =IF($S4=2,$C4+0,"") | X4: =IF($S4=2,$D4+0,"") | Y4: =IF($S4=3,$C4+0,"") | Z4: =IF($S4=3,$D4+0,"")
A5: 4.6 | B5: 3.1 | C5: 1.5 | D5: 0.2 | E5: Iris-setosa | L5: =SQRT(POWER(A5-$H$2,2) + POWER(B5-$I$2,2) + POWER(C5-$J$2,2) + POWER(D5-$K$2,2)) -> 0.51961524 | M5: =SQRT(POWER(A5-$H$3,2) + POWER(B5-$I$3,2) + POWER(C5-$J$3,2) + POWER(D5-$K$3,2)) -> 4.1545156 | N5: =SQRT(POWER(A5-$H$4,2) + POWER(B5-$I$4,2) + POWER(C5-$J$4,2) + POWER(D5-$K$4,2)) -> 5.2297227 | O5: =MATCH(MIN(L5:N5), L5:N5, 0) -> 1 | P5: =SQRT(POWER(A5-$H$12,2) + POWER(B5-$I$12,2) + POWER(C5-$J$12,2) + POWER(D5-$K$12,2)) -> 0.51961524 | Q5: =SQRT(POWER(A5-$H$13,2) + POWER(B5-$I$13,2) + POWER(C5-$J$13,2) + POWER(D5-$K$13,2)) -> 4.1545156 | R5: =SQRT(POWER(A5-$H$14,2) + POWER(B5-$I$14,2) + POWER(C5-$J$14,2) + POWER(D5-$K$14,2)) -> 5.2297227 | S5: =MATCH(MIN(P5:R5), P5:R5, 0) -> 1 | T5: =IF(O5=S5, 1, 0) -> 1 | U5: =IF($S5=1,$C5+0,"") -> 1.5 | V5: =IF($S5=1,$D5+0,"") -> 0.2 | W5: =IF($S5=2,$C5+0,"") | X5: =IF($S5=2,$D5+0,"") | Y5: =IF($S5=3,$C5+0,"") | Z5: =IF($S5=3,$D5+0,"")
A6: 5.0 | B6: 3.6 | C6: 1.4 | D6: 0.2 | E6: Iris-setosa | G6: New Centroids (Iteration 1) | H6: Sepal Length | I6: Sepal Width | J6: Petal Length | K6: Petal Width | L6: =SQRT(POWER(A6-$H$2,2) + POWER(B6-$I$2,2) + POWER(C6-$J$2,2) + POWER(D6-$K$2,2)) -> 0.97467943 | M6: =SQRT(POWER(A6-$H$3,2) + POWER(B6-$I$3,2) + POWER(C6-$J$3,2) + POWER(D6-$K$3,2)) -> 4.1085277 | N6: =SQRT(POWER(A6-$H$4,2) + POWER(B6-$I$4,2) + POWER(C6-$J$4,2) + POWER(D6-$K$4,2)) -> 5.1643005 | O6: =MATCH(MIN(L6:N6), L6:N6, 0) -> 1 | P6: =SQRT(POWER(A6-$H$12,2) + POWER(B6-$I$12,2) + POWER(C6-$J$12,2) + POWER(D6-$K$12,2)) -> 0.97467943 | Q6: =SQRT(POWER(A6-$H$13,2) + POWER(B6-$I$13,2) + POWER(C6-$J$13,2) + POWER(D6-$K$13,2)) -> 4.1085277 | R6: =SQRT(POWER(A6-$H$14,2) + POWER(B6-$I$14,2) + POWER(C6-$J$14,2) + POWER(D6-$K$14,2)) -> 5.1643005 | S6: =MATCH(MIN(P6:R6), P6:R6, 0) -> 1 | T6: =IF(O6=S6, 1, 0) -> 1 | U6: =IF($S6=1,$C6+0,"") -> 1.4 | V6: =IF($S6=1,$D6+0,"") -> 0.2 | W6: =IF($S6=2,$C6+0,"") | X6: =IF($S6=2,$D6+0,"") | Y6: =IF($S6=3,$C6+0,"") | Z6: =IF($S6=3,$D6+0,"")
A7: 5.4 | B7: 3.9 | C7: 1.7 | D7: 0.4 | E7: Iris-setosa | G7: K1 | H7: =IFERROR(AVERAGEIF($O$2:$O$151, 1, $A$2:$A$151), H2) -> 4.3 | I7: =IFERROR(AVERAGEIF($O$2:$O$151, 1, $B$2:$B$151), I2) -> 3.0 | J7: =IFERROR(AVERAGEIF($O$2:$O$151, 1, $C$2:$C$151), J2) -> 1.1 | K7: =IFERROR(AVERAGEIF($O$2:$O$151, 1, $D$2:$D$151), K2) -> 0.1 | L7: =SQRT(POWER(A7-$H$2,2) + POWER(B7-$I$2,2) + POWER(C7-$J$2,2) + POWER(D7-$K$2,2)) -> 1.5716234 | M7: =SQRT(POWER(A7-$H$3,2) + POWER(B7-$I$3,2) + POWER(C7-$J$3,2) + POWER(D7-$K$3,2)) -> 3.7121422 | N7: =SQRT(POWER(A7-$H$4,2) + POWER(B7-$I$4,2) + POWER(C7-$J$4,2) + POWER(D7-$K$4,2)) -> 4.7275787 | O7: =MATCH(MIN(L7:N7), L7:N7, 0) -> 1 | P7: =SQRT(POWER(A7-$H$12,2) + POWER(B7-$I$12,2) + POWER(C7-$J$12,2) + POWER(D7-$K$12,2)) -> 1.5716234 | Q7: =SQRT(POWER(A7-$H$13,2) + POWER(B7-$I$13,2) + POWER(C7-$J$13,2) + POWER(D7-$K$13,2)) -> 3.7121422 | R7: =SQRT(POWER(A7-$H$14,2) + POWER(B7-$I$14,2) + POWER(C7-$J$14,2) + POWER(D7-$K$14,2)) -> 4.7275787 | S7: =MATCH(MIN(P7:R7), P7:R7, 0) -> 1 | T7: =IF(O7=S7, 1, 0) -> 1 | U7: =IF($S7=1,$C7+0,"") -> 1.7 | V7: =IF($S7=1,$D7+0,"") -> 0.4 | W7: =IF($S7=2,$C7+0,"") | X7: =IF($S7=2,$D7+0,"") | Y7: =IF($S7=3,$C7+0,"") | Z7: =IF($S7=3,$D7+0,"")
A8: 4.6 | B8: 3.4 | C8: 1.4 | D8: 0.3 | E8: Iris-setosa | G8: K2 | H8: =IFERROR(AVERAGEIF($O$2:$O$151, 2, $A$2:$A$151), H3) -> 6.8 | I8: =IFERROR(AVERAGEIF($O$2:$O$151, 2, $B$2:$B$151), I3) -> 2.8 | J8: =IFERROR(AVERAGEIF($O$2:$O$151, 2, $C$2:$C$151), J3) -> 4.8 | K8: =IFERROR(AVERAGEIF($O$2:$O$151, 2, $D$2:$D$151), K3) -> 1.4 | L8: =SQRT(POWER(A8-$H$2,2) + POWER(B8-$I$2,2) + POWER(C8-$J$2,2) + POWER(D8-$K$2,2)) -> 0.6164414 | M8: =SQRT(POWER(A8-$H$3,2) + POWER(B8-$I$3,2) + POWER(C8-$J$3,2) + POWER(D8-$K$3,2)) -> 4.2391037 | N8: =SQRT(POWER(A8-$H$4,2) + POWER(B8-$I$4,2) + POWER(C8-$J$4,2) + POWER(D8-$K$4,2)) -> 5.2744668 | O8: =MATCH(MIN(L8:N8), L8:N8, 0) -> 1 | P8: =SQRT(POWER(A8-$H$12,2) + POWER(B8-$I$12,2) + POWER(C8-$J$12,2) + POWER(D8-$K$12,2)) -> 0.6164414 | Q8: =SQRT(POWER(A8-$H$13,2) + POWER(B8-$I$13,2) + POWER(C8-$J$13,2) + POWER(D8-$K$13,2)) -> 4.2391037 | R8: =SQRT(POWER(A8-$H$14,2) + POWER(B8-$I$14,2) + POWER(C8-$J$14,2) + POWER(D8-$K$14,2)) -> 5.2744668 | S8: =MATCH(MIN(P8:R8), P8:R8, 0) -> 1 | T8: =IF(O8=S8, 1, 0) -> 1 | U8: =IF($S8=1,$C8+0,"") -> 1.4 | V8: =IF($S8=1,$D8+0,"") -> 0.3 | W8: =IF($S8=2,$C8+0,"") | X8: =IF($S8=2,$D8+0,"") | Y8: =IF($S8=3,$C8+0,"") | Z8: =IF($S8=3,$D8+0,"")
A9: 5.0 | B9: 3.4 | C9: 1.5 | D9: 0.2 | E9: Iris-setosa | G9: K3 | H9: =IFERROR(AVERAGEIF($O$2:$O$151, 3, $A$2:$A$151), H4) -> 6.9 | I9: =IFERROR(AVERAGEIF($O$2:$O$151, 3, $B$2:$B$151), I4) -> 3.2 | J9: =IFERROR(AVERAGEIF($O$2:$O$151, 3, $C$2:$C$151), J4) -> 5.7 | K9: =IFERROR(AVERAGEIF($O$2:$O$151, 3, $D$2:$D$151), K4) -> 2.3 | L9: =SQRT(POWER(A9-$H$2,2) + POWER(B9-$I$2,2) + POWER(C9-$J$2,2) + POWER(D9-$K$2,2)) -> 0.90553851 | M9: =SQRT(POWER(A9-$H$3,2) + POWER(B9-$I$3,2) + POWER(C9-$J$3,2) + POWER(D9-$K$3,2)) -> 3.9912404 | N9: =SQRT(POWER(A9-$H$4,2) + POWER(B9-$I$4,2) + POWER(C9-$J$4,2) + POWER(D9-$K$4,2)) -> 5.0695167 | O9: =MATCH(MIN(L9:N9), L9:N9, 0) -> 1 | P9: =SQRT(POWER(A9-$H$12,2) + POWER(B9-$I$12,2) + POWER(C9-$J$12,2) + POWER(D9-$K$12,2)) -> 0.90553851 | Q9: =SQRT(POWER(A9-$H$13,2) + POWER(B9-$I$13,2) + POWER(C9-$J$13,2) + POWER(D9-$K$13,2)) -> 3.9912404 | R9: =SQRT(POWER(A9-$H$14,2) + POWER(B9-$I$14,2) + POWER(C9-$J$14,2) + POWER(D9-$K$14,2)) -> 5.0695167 | S9: =MATCH(MIN(P9:R9), P9:R9, 0) -> 1 | T9: =IF(O9=S9, 1, 0) -> 1 | U9: =IF($S9=1,$C9+0,"") -> 1.5 | V9: =IF($S9=1,$D9+0,"") -> 0.2 | W9: =IF($S9=2,$C9+0,"") | X9: =IF($S9=2,$D9+0,"") | Y9: =IF($S9=3,$C9+0,"") | Z9: =IF($S9=3,$D9+0,"")
A10: 4.4 | B10: 2.9 | C10: 1.4 | D10: 0.2 | E10: Iris-setosa | L10: =SQRT(POWER(A10-$H$2,2) + POWER(B10-$I$2,2) + POWER(C10-$J$2,2) + POWER(D10-$K$2,2)) -> 0.34641016 | M10: =SQRT(POWER(A10-$H$3,2) + POWER(B10-$I$3,2) + POWER(C10-$J$3,2) + POWER(D10-$K$3,2)) -> 4.3324358 | N10: =SQRT(POWER(A10-$H$4,2) + POWER(B10-$I$4,2) + POWER(C10-$J$4,2) + POWER(D10-$K$4,2)) -> 5.4074023 | O10: =MATCH(MIN(L10:N10), L10:N10, 0) -> 1 | P10: =SQRT(POWER(A10-$H$12,2) + POWER(B10-$I$12,2) + POWER(C10-$J$12,2) + POWER(D10-$K$12,2)) -> 0.34641016 | Q10: =SQRT(POWER(A10-$H$13,2) + POWER(B10-$I$13,2) + POWER(C10-$J$13,2) + POWER(D10-$K$13,2)) -> 4.3324358 | R10: =SQRT(POWER(A10-$H$14,2) + POWER(B10-$I$14,2) + POWER(C10-$J$14,2) + POWER(D10-$K$14,2)) -> 5.4074023 | S10: =MATCH(MIN(P10:R10), P10:R10, 0) -> 1 | T10: =IF(O10=S10, 1, 0) -> 1 | U10: =IF($S10=1,$C10+0,"") -> 1.4 | V10: =IF($S10=1,$D10+0,"") -> 0.2 | W10: =IF($S10=2,$C10+0,"") | X10: =IF($S10=2,$D10+0,"") | Y10: =IF($S10=3,$C10+0,"") | Z10: =IF($S10=3,$D10+0,"")
A11: 4.9 | B11: 3.1 | C11: 1.5 | D11: 0.1 | E11: Iris-setosa | G11: Iteration 2 Centroids | H11: Sepal Length | I11: Sepal Width | J11: Petal Length | K11: Petal Width | L11: =SQRT(POWER(A11-$H$2,2) + POWER(B11-$I$2,2) + POWER(C11-$J$2,2) + POWER(D11-$K$2,2)) -> 0.72801099 | M11: =SQRT(POWER(A11-$H$3,2) + POWER(B11-$I$3,2) + POWER(C11-$J$3,2) + POWER(D11-$K$3,2)) -> 4.0348482 | N11: =SQRT(POWER(A11-$H$4,2) + POWER(B11-$I$4,2) + POWER(C11-$J$4,2) + POWER(D11-$K$4,2)) -> 5.1468437 | O11: =MATCH(MIN(L11:N11), L11:N11, 0) -> 1 | P11: =SQRT(POWER(A11-$H$12,2) + POWER(B11-$I$12,2) + POWER(C11-$J$12,2) + POWER(D11-$K$12,2)) -> 0.72801099 | Q11: =SQRT(POWER(A11-$H$13,2) + POWER(B11-$I$13,2) + POWER(C11-$J$13,2) + POWER(D11-$K$13,2)) -> 4.0348482 | R11: =SQRT(POWER(A11-$H$14,2) + POWER(B11-$I$14,2) + POWER(C11-$J$14,2) + POWER(D11-$K$14,2)) -> 5.1468437 | S11: =MATCH(MIN(P11:R11), P11:R11, 0) -> 1 | T11: =IF(O11=S11, 1, 0) -> 1 | U11: =IF($S11=1,$C11+0,"") -> 1.5 | V11: =IF($S11=1,$D11+0,"") -> 0.1 | W11: =IF($S11=2,$C11+0,"") | X11: =IF($S11=2,$D11+0,"") | Y11: =IF($S11=3,$C11+0,"") | Z11: =IF($S11=3,$D11+0,"")
A12: 5.4 | B12: 3.7 | C12: 1.5 | D12: 0.2 | E12: Iris-setosa | G12: K1 | H12: =H7 -> 4.3 | I12: =I7 -> 3.0 | J12: =J7 -> 1.1 | K12: =K7 -> 0.1 | L12: =SQRT(POWER(A12-$H$2,2) + POWER(B12-$I$2,2) + POWER(C12-$J$2,2) + POWER(D12-$K$2,2)) -> 1.3674794 | M12: =SQRT(POWER(A12-$H$3,2) + POWER(B12-$I$3,2) + POWER(C12-$J$3,2) + POWER(D12-$K$3,2)) -> 3.8858718 | N12: =SQRT(POWER(A12-$H$4,2) + POWER(B12-$I$4,2) + POWER(C12-$J$4,2) + POWER(D12-$K$4,2)) -> 4.9547957 | O12: =MATCH(MIN(L12:N12), L12:N12, 0) -> 1 | P12: =SQRT(POWER(A12-$H$12,2) + POWER(B12-$I$12,2) + POWER(C12-$J$12,2) + POWER(D12-$K$12,2)) -> 1.3674794 | Q12: =SQRT(POWER(A12-$H$13,2) + POWER(B12-$I$13,2) + POWER(C12-$J$13,2) + POWER(D12-$K$13,2)) -> 3.8858718 | R12: =SQRT(POWER(A12-$H$14,2) + POWER(B12-$I$14,2) + POWER(C12-$J$14,2) + POWER(D12-$K$14,2)) -> 4.9547957 | S12: =MATCH(MIN(P12:R12), P12:R12, 0) -> 1 | T12: =IF(O12=S12, 1, 0) -> 1 | U12: =IF($S12=1,$C12+0,"") -> 1.5 | V12: =IF($S12=1,$D12+0,"") -> 0.2 | W12: =IF($S12=2,$C12+0,"") | X12: =IF($S12=2,$D12+0,"") | Y12: =IF($S12=3,$C12+0,"") | Z12: =IF($S12=3,$D12+0,"")
A13: 4.8 | B13: 3.4 | C13: 1.6 | D13: 0.2 | E13: Iris-setosa | G13: K2 | H13: =H8 -> 6.8 | I13: =I8 -> 2.8 | J13: =J8 -> 4.8 | K13: =K8 -> 1.4 | L13: =SQRT(POWER(A13-$H$2,2) + POWER(B13-$I$2,2) + POWER(C13-$J$2,2) + POWER(D13-$K$2,2)) -> 0.81853528 | M13: =SQRT(POWER(A13-$H$3,2) + POWER(B13-$I$3,2) + POWER(C13-$J$3,2) + POWER(D13-$K$3,2)) -> 4.0049969 | N13: =SQRT(POWER(A13-$H$4,2) + POWER(B13-$I$4,2) + POWER(C13-$J$4,2) + POWER(D13-$K$4,2)) -> 5.066557 | O13: =MATCH(MIN(L13:N13), L13:N13, 0) -> 1 | P13: =SQRT(POWER(A13-$H$12,2) + POWER(B13-$I$12,2) + POWER(C13-$J$12,2) + POWER(D13-$K$12,2)) -> 0.81853528 | Q13: =SQRT(POWER(A13-$H$13,2) + POWER(B13-$I$13,2) + POWER(C13-$J$13,2) + POWER(D13-$K$13,2)) -> 4.0049969 | R13: =SQRT(POWER(A13-$H$14,2) + POWER(B13-$I$14,2) + POWER(C13-$J$14,2) + POWER(D13-$K$14,2)) -> 5.066557 | S13: =MATCH(MIN(P13:R13), P13:R13, 0) -> 1 | T13: =IF(O13=S13, 1, 0) -> 1 | U13: =IF($S13=1,$C13+0,"") -> 1.6 | V13: =IF($S13=1,$D13+0,"") -> 0.2 | W13: =IF($S13=2,$C13+0,"") | X13: =IF($S13=2,$D13+0,"") | Y13: =IF($S13=3,$C13+0,"") | Z13: =IF($S13=3,$D13+0,"")
A14: 4.8 | B14: 3.0 | C14: 1.4 | D14: 0.1 | E14: Iris-setosa | G14: K3 | H14: =H9 -> 6.9 | I14: =I9 -> 3.2 | J14: =J9 -> 5.7 | K14: =K9 -> 2.3 | L14: =SQRT(POWER(A14-$H$2,2) + POWER(B14-$I$2,2) + POWER(C14-$J$2,2) + POWER(D14-$K$2,2)) -> 0.58309519 | M14: =SQRT(POWER(A14-$H$3,2) + POWER(B14-$I$3,2) + POWER(C14-$J$3,2) + POWER(D14-$K$3,2)) -> 4.1581246 | N14: =SQRT(POWER(A14-$H$4,2) + POWER(B14-$I$4,2) + POWER(C14-$J$4,2) + POWER(D14-$K$4,2)) -> 5.2706736 | O14: =MATCH(MIN(L14:N14), L14:N14, 0) -> 1 | P14: =SQRT(POWER(A14-$H$12,2) + POWER(B14-$I$12,2) + POWER(C14-$J$12,2) + POWER(D14-$K$12,2)) -> 0.58309519 | Q14: =SQRT(POWER(A14-$H$13,2) + POWER(B14-$I$13,2) + POWER(C14-$J$13,2) + POWER(D14-$K$13,2)) -> 4.1581246 | R14: =SQRT(POWER(A14-$H$14,2) + POWER(B14-$I$14,2) + POWER(C14-$J$14,2) + POWER(D14-$K$14,2)) -> 5.2706736 | S14: =MATCH(MIN(P14:R14), P14:R14, 0) -> 1 | T14: =IF(O14=S14, 1, 0) -> 1 | U14: =IF($S14=1,$C14+0,"") -> 1.4 | V14: =IF($S14=1,$D14+0,"") -> 0.1 | W14: =IF($S14=2,$C14+0,"") | X14: =IF($S14=2,$D14+0,"") | Y14: =IF($S14=3,$C14+0,"") | Z14: =IF($S14=3,$D14+0,"")
A15: 4.3 | B15: 3.0 | C15: 1.1 | D15: 0.1 | E15: Iris-setosa | L15: =SQRT(POWER(A15-$H$2,2) + POWER(B15-$I$2,2) + POWER(C15-$J$2,2) + POWER(D15-$K$2,2)) -> 0 | M15: =SQRT(POWER(A15-$H$3,2) + POWER(B15-$I$3,2) + POWER(C15-$J$3,2) + POWER(D15-$K$3,2)) -> 4.6551047 | N15: =SQRT(POWER(A15-$H$4,2) + POWER(B15-$I$4,2) + POWER(C15-$J$4,2) + POWER(D15-$K$4,2)) -> 5.7271284 | O15: =MATCH(MIN(L15:N15), L15:N15, 0) -> 1 | P15: =SQRT(POWER(A15-$H$12,2) + POWER(B15-$I$12,2) + POWER(C15-$J$12,2) + POWER(D15-$K$12,2)) -> 0 | Q15: =SQRT(POWER(A15-$H$13,2) + POWER(B15-$I$13,2) + POWER(C15-$J$13,2) + POWER(D15-$K$13,2)) -> 4.6551047 | R15: =SQRT(POWER(A15-$H$14,2) + POWER(B15-$I$14,2) + POWER(C15-$J$14,2) + POWER(D15-$K$14,2)) -> 5.7271284 | S15: =MATCH(MIN(P15:R15), P15:R15, 0) -> 1 | T15: =IF(O15=S15, 1, 0) -> 1 | U15: =IF($S15=1,$C15+0,"") -> 1.1 | V15: =IF($S15=1,$D15+0,"") -> 0.1 | W15: =IF($S15=2,$C15+0,"") | X15: =IF($S15=2,$D15+0,"") | Y15: =IF($S15=3,$C15+0,"") | Z15: =IF($S15=3,$D15+0,"")
A16: 5.8 | B16: 4.0 | C16: 1.2 | D16: 0.2 | E16: Iris-setosa | G16: Total Converged Points | H16: =SUM(T2:T151) -> 150 | L16: =SQRT(POWER(A16-$H$2,2) + POWER(B16-$I$2,2) + POWER(C16-$J$2,2) + POWER(D16-$K$2,2)) -> 1.8083141 | M16: =SQRT(POWER(A16-$H$3,2) + POWER(B16-$I$3,2) + POWER(C16-$J$3,2) + POWER(D16-$K$3,2)) -> 4.1036569 | N16: =SQRT(POWER(A16-$H$4,2) + POWER(B16-$I$4,2) + POWER(C16-$J$4,2) + POWER(D16-$K$4,2)) -> 5.1487863 | O16: =MATCH(MIN(L16:N16), L16:N16, 0) -> 1 | P16: =SQRT(POWER(A16-$H$12,2) + POWER(B16-$I$12,2) + POWER(C16-$J$12,2) + POWER(D16-$K$12,2)) -> 1.8083141 | Q16: =SQRT(POWER(A16-$H$13,2) + POWER(B16-$I$13,2) + POWER(C16-$J$13,2) + POWER(D16-$K$13,2)) -> 4.1036569 | R16: =SQRT(POWER(A16-$H$14,2) + POWER(B16-$I$14,2) + POWER(C16-$J$14,2) + POWER(D16-$K$14,2)) -> 5.1487863 | S16: =MATCH(MIN(P16:R16), P16:R16, 0) -> 1 | T16: =IF(O16=S16, 1, 0) -> 1 | U16: =IF($S16=1,$C16+0,"") -> 1.2 | V16: =IF($S16=1,$D16+0,"") -> 0.2 | W16: =IF($S16=2,$C16+0,"") | X16: =IF($S16=2,$D16+0,"") | Y16: =IF($S16=3,$C16+0,"") | Z16: =IF($S16=3,$D16+0,"")
A17: 5.7 | B17: 4.4 | C17: 1.5 | D17: 0.4 | E17: Iris-setosa | L17: =SQRT(POWER(A17-$H$2,2) + POWER(B17-$I$2,2) + POWER(C17-$J$2,2) + POWER(D17-$K$2,2)) -> 2.0420578 | M17: =SQRT(POWER(A17-$H$3,2) + POWER(B17-$I$3,2) + POWER(C17-$J$3,2) + POWER(D17-$K$3,2)) -> 3.9572718 | N17: =SQRT(POWER(A17-$H$4,2) + POWER(B17-$I$4,2) + POWER(C17-$J$4,2) + POWER(D17-$K$4,2)) -> 4.9122296 | O17: =MATCH(MIN(L17:N17), L17:N17, 0) -> 1 | P17: =SQRT(POWER(A17-$H$12,2) + POWER(B17-$I$12,2) + POWER(C17-$J$12,2) + POWER(D17-$K$12,2)) -> 2.0420578 | Q17: =SQRT(POWER(A17-$H$13,2) + POWER(B17-$I$13,2) + POWER(C17-$J$13,2) + POWER(D17-$K$13,2)) -> 3.9572718 | R17: =SQRT(POWER(A17-$H$14,2) + POWER(B17-$I$14,2) + POWER(C17-$J$14,2) + POWER(D17-$K$14,2)) -> 4.9122296 | S17: =MATCH(MIN(P17:R17), P17:R17, 0) -> 1 | T17: =IF(O17=S17, 1, 0) -> 1 | U17: =IF($S17=1,$C17+0,"") -> 1.5 | V17: =IF($S17=1,$D17+0,"") -> 0.4 | W17: =IF($S17=2,$C17+0,"") | X17: =IF($S17=2,$D17+0,"") | Y17: =IF($S17=3,$C17+0,"") | Z17: =IF($S17=3,$D17+0,"")
A18: 5.4 | B18: 3.9 | C18: 1.3 | D18: 0.4 | E18: Iris-setosa | G18: Final Centroids | H18: Sepal Length | I18: Sepal Width | J18: Petal Length | K18: Petal Width | L18: =SQRT(POWER(A18-$H$2,2) + POWER(B18-$I$2,2) + POWER(C18-$J$2,2) + POWER(D18-$K$2,2)) -> 1.4662878 | M18: =SQRT(POWER(A18-$H$3,2) + POWER(B18-$I$3,2) + POWER(C18-$J$3,2) + POWER(D18-$K$3,2)) -> 4.0521599 | N18: =SQRT(POWER(A18-$H$4,2) + POWER(B18-$I$4,2) + POWER(C18-$J$4,2) + POWER(D18-$K$4,2)) -> 5.0705029 | O18: =MATCH(MIN(L18:N18), L18:N18, 0) -> 1 | P18: =SQRT(POWER(A18-$H$12,2) + POWER(B18-$I$12,2) + POWER(C18-$J$12,2) + POWER(D18-$K$12,2)) -> 1.4662878 | Q18: =SQRT(POWER(A18-$H$13,2) + POWER(B18-$I$13,2) + POWER(C18-$J$13,2) + POWER(D18-$K$13,2)) -> 4.0521599 | R18: =SQRT(POWER(A18-$H$14,2) + POWER(B18-$I$14,2) + POWER(C18-$J$14,2) + POWER(D18-$K$14,2)) -> 5.0705029 | S18: =MATCH(MIN(P18:R18), P18:R18, 0) -> 1 | T18: =IF(O18=S18, 1, 0) -> 1 | U18: =IF($S18=1,$C18+0,"") -> 1.3 | V18: =IF($S18=1,$D18+0,"") -> 0.4 | W18: =IF($S18=2,$C18+0,"") | X18: =IF($S18=2,$D18+0,"") | Y18: =IF($S18=3,$C18+0,"") | Z18: =IF($S18=3,$D18+0,"")
A19: 5.1 | B19: 3.5 | C19: 1.4 | D19: 0.3 | E19: Iris-setosa | G19: K1 | H19: 4.3 | I19: 3.0 | J19: 1.1 | K19: 0.1 | L19: =SQRT(POWER(A19-$H$2,2) + POWER(B19-$I$2,2) + POWER(C19-$J$2,2) + POWER(D19-$K$2,2)) -> 1.0099505 | M19: =SQRT(POWER(A19-$H$3,2) + POWER(B19-$I$3,2) + POWER(C19-$J$3,2) + POWER(D19-$K$3,2)) -> 4.0187063 | N19: =SQRT(POWER(A19-$H$4,2) + POWER(B19-$I$4,2) + POWER(C19-$J$4,2) + POWER(D19-$K$4,2)) -> 5.0813384 | O19: =MATCH(MIN(L19:N19), L19:N19, 0) -> 1 | P19: =SQRT(POWER(A19-$H$12,2) + POWER(B19-$I$12,2) + POWER(C19-$J$12,2) + POWER(D19-$K$12,2)) -> 1.0099505 | Q19: =SQRT(POWER(A19-$H$13,2) + POWER(B19-$I$13,2) + POWER(C19-$J$13,2) + POWER(D19-$K$13,2)) -> 4.0187063 | R19: =SQRT(POWER(A19-$H$14,2) + POWER(B19-$I$14,2) + POWER(C19-$J$14,2) + POWER(D19-$K$14,2)) -> 5.0813384 | S19: =MATCH(MIN(P19:R19), P19:R19, 0) -> 1 | T19: =IF(O19=S19, 1, 0) -> 1 | U19: =IF($S19=1,$C19+0,"") -> 1.4 | V19: =IF($S19=1,$D19+0,"") -> 0.3 | W19: =IF($S19=2,$C19+0,"") | X19: =IF($S19=2,$D19+0,"") | Y19: =IF($S19=3,$C19+0,"") | Z19: =IF($S19=3,$D19+0,"")
A20: 5.7 | B20: 3.8 | C20: 1.7 | D20: 0.3 | E20: Iris-setosa | G20: K2 | H20: 6.8 | I20: 2.8 | J20: 4.8 | K20: 1.4 | L20: =SQRT(POWER(A20-$H$2,2) + POWER(B20-$I$2,2) + POWER(C20-$J$2,2) + POWER(D20-$K$2,2)) -> 1.7320508 | M20: =SQRT(POWER(A20-$H$3,2) + POWER(B20-$I$3,2) + POWER(C20-$J$3,2) + POWER(D20-$K$3,2)) -> 3.6097091 | N20: =SQRT(POWER(A20-$H$4,2) + POWER(B20-$I$4,2) + POWER(C20-$J$4,2) + POWER(D20-$K$4,2)) -> 4.669047 | O20: =MATCH(MIN(L20:N20), L20:N20, 0) -> 1 | P20: =SQRT(POWER(A20-$H$12,2) + POWER(B20-$I$12,2) + POWER(C20-$J$12,2) + POWER(D20-$K$12,2)) -> 1.7320508 | Q20: =SQRT(POWER(A20-$H$13,2) + POWER(B20-$I$13,2) + POWER(C20-$J$13,2) + POWER(D20-$K$13,2)) -> 3.6097091 | R20: =SQRT(POWER(A20-$H$14,2) + POWER(B20-$I$14,2) + POWER(C20-$J$14,2) + POWER(D20-$K$14,2)) -> 4.669047 | S20: =MATCH(MIN(P20:R20), P20:R20, 0) -> 1 | T20: =IF(O20=S20, 1, 0) -> 1 | U20: =IF($S20=1,$C20+0,"") -> 1.7 | V20: =IF($S20=1,$D20+0,"") -> 0.3 | W20: =IF($S20=2,$C20+0,"") | X20: =IF($S20=2,$D20+0,"") | Y20: =IF($S20=3,$C20+0,"") | Z20: =IF($S20=3,$D20+0,"")
A21: 5.1 | B21: 3.8 | C21: 1.5 | D21: 0.3 | E21: Iris-setosa | G21: K3 | H21: 6.9 | I21: 3.2 | J21: 5.7 | K21: 2.3 | L21: =SQRT(POWER(A21-$H$2,2) + POWER(B21-$I$2,2) + POWER(C21-$J$2,2) + POWER(D21-$K$2,2)) -> 1.2165525 | M21: =SQRT(POWER(A21-$H$3,2) + POWER(B21-$I$3,2) + POWER(C21-$J$3,2) + POWER(D21-$K$3,2)) -> 3.9987498 | N21: =SQRT(POWER(A21-$H$4,2) + POWER(B21-$I$4,2) + POWER(C21-$J$4,2) + POWER(D21-$K$4,2)) -> 5.0239427 | O21: =MATCH(MIN(L21:N21), L21:N21, 0) -> 1 | P21: =SQRT(POWER(A21-$H$12,2) + POWER(B21-$I$12,2) + POWER(C21-$J$12,2) + POWER(D21-$K$12,2)) -> 1.2165525 | Q21: =SQRT(POWER(A21-$H$13,2) + POWER(B21-$I$13,2) + POWER(C21-$J$13,2) + POWER(D21-$K$13,2)) -> 3.9987498 | R21: =SQRT(POWER(A21-$H$14,2) + POWER(B21-$I$14,2) + POWER(C21-$J$14,2) + POWER(D21-$K$14,2)) -> 5.0239427 | S21: =MATCH(MIN(P21:R21), P21:R21, 0) -> 1 | T21: =IF(O21=S21, 1, 0) -> 1 | U21: =IF($S21=1,$C21+0,"") -> 1.5 | V21: =IF($S21=1,$D21+0,"") -> 0.3 | W21: =IF($S21=2,$C21+0,"") | X21: =IF($S21=2,$D21+0,"") | Y21: =IF($S21=3,$C21+0,"") | Z21: =IF($S21=3,$D21+0,"")
A22: 5.4 | B22: 3.4 | C22: 1.7 | D22: 0.2 | E22: Iris-setosa | L22: =SQRT(POWER(A22-$H$2,2) + POWER(B22-$I$2,2) + POWER(C22-$J$2,2) + POWER(D22-$K$2,2)) -> 1.3190906 | M22: =SQRT(POWER(A22-$H$3,2) + POWER(B22-$I$3,2) + POWER(C22-$J$3,2) + POWER(D22-$K$3,2)) -> 3.6565011 | N22: =SQRT(POWER(A22-$H$4,2) + POWER(B22-$I$4,2) + POWER(C22-$J$4,2) + POWER(D22-$K$4,2)) -> 4.7644517 | O22: =MATCH(MIN(L22:N22), L22:N22, 0) -> 1 | P22: =SQRT(POWER(A22-$H$12,2) + POWER(B22-$I$12,2) + POWER(C22-$J$12,2) + POWER(D22-$K$12,2)) -> 1.3190906 | Q22: =SQRT(POWER(A22-$H$13,2) + POWER(B22-$I$13,2) + POWER(C22-$J$13,2) + POWER(D22-$K$13,2)) -> 3.6565011 | R22: =SQRT(POWER(A22-$H$14,2) + POWER(B22-$I$14,2) + POWER(C22-$J$14,2) + POWER(D22-$K$14,2)) -> 4.7644517 | S22: =MATCH(MIN(P22:R22), P22:R22, 0) -> 1 | T22: =IF(O22=S22, 1, 0) -> 1 | U22: =IF($S22=1,$C22+0,"") -> 1.7 | V22: =IF($S22=1,$D22+0,"") -> 0.2 | W22: =IF($S22=2,$C22+0,"") | X22: =IF($S22=2,$D22+0,"") | Y22: =IF($S22=3,$C22+0,"") | Z22: =IF($S22=3,$D22+0,"")
A23: 5.1 | B23: 3.7 | C23: 1.5 | D23: 0.4 | E23: Iris-setosa | G23: Flower Count per Cluster | L23: =SQRT(POWER(A23-$H$2,2) + POWER(B23-$I$2,2) + POWER(C23-$J$2,2) + POWER(D23-$K$2,2)) -> 1.174734 | M23: =SQRT(POWER(A23-$H$3,2) + POWER(B23-$I$3,2) + POWER(C23-$J$3,2) + POWER(D23-$K$3,2)) -> 3.9484174 | N23: =SQRT(POWER(A23-$H$4,2) + POWER(B23-$I$4,2) + POWER(C23-$J$4,2) + POWER(D23-$K$4,2)) -> 4.973932 | O23: =MATCH(MIN(L23:N23), L23:N23, 0) -> 1 | P23: =SQRT(POWER(A23-$H$12,2) + POWER(B23-$I$12,2) + POWER(C23-$J$12,2) + POWER(D23-$K$12,2)) -> 1.174734 | Q23: =SQRT(POWER(A23-$H$13,2) + POWER(B23-$I$13,2) + POWER(C23-$J$13,2) + POWER(D23-$K$13,2)) -> 3.9484174 | R23: =SQRT(POWER(A23-$H$14,2) + POWER(B23-$I$14,2) + POWER(C23-$J$14,2) + POWER(D23-$K$14,2)) -> 4.973932 | S23: =MATCH(MIN(P23:R23), P23:R23, 0) -> 1 | T23: =IF(O23=S23, 1, 0) -> 1 | U23: =IF($S23=1,$C23+0,"") -> 1.5 | V23: =IF($S23=1,$D23+0,"") -> 0.4 | W23: =IF($S23=2,$C23+0,"") | X23: =IF($S23=2,$D23+0,"") | Y23: =IF($S23=3,$C23+0,"") | Z23: =IF($S23=3,$D23+0,"")
A24: 4.6 | B24: 3.6 | C24: 1.0 | D24: 0.2 | E24: Iris-setosa | G24: K1 | H24: =COUNTIF($S$2:$S$151, 1) -> 51 | L24: =SQRT(POWER(A24-$H$2,2) + POWER(B24-$I$2,2) + POWER(C24-$J$2,2) + POWER(D24-$K$2,2)) -> 0.68556546 | M24: =SQRT(POWER(A24-$H$3,2) + POWER(B24-$I$3,2) + POWER(C24-$J$3,2) + POWER(D24-$K$3,2)) -> 4.621688 | N24: =SQRT(POWER(A24-$H$4,2) + POWER(B24-$I$4,2) + POWER(C24-$J$4,2) + POWER(D24-$K$4,2)) -> 5.6524331 | O24: =MATCH(MIN(L24:N24), L24:N24, 0) -> 1 | P24: =SQRT(POWER(A24-$H$12,2) + POWER(B24-$I$12,2) + POWER(C24-$J$12,2) + POWER(D24-$K$12,2)) -> 0.68556546 | Q24: =SQRT(POWER(A24-$H$13,2) + POWER(B24-$I$13,2) + POWER(C24-$J$13,2) + POWER(D24-$K$13,2)) -> 4.621688 | R24: =SQRT(POWER(A24-$H$14,2) + POWER(B24-$I$14,2) + POWER(C24-$J$14,2) + POWER(D24-$K$14,2)) -> 5.6524331 | S24: =MATCH(MIN(P24:R24), P24:R24, 0) -> 1 | T24: =IF(O24=S24, 1, 0) -> 1 | U24: =IF($S24=1,$C24+0,"") -> 1 | V24: =IF($S24=1,$D24+0,"") -> 0.2 | W24: =IF($S24=2,$C24+0,"") | X24: =IF($S24=2,$D24+0,"") | Y24: =IF($S24=3,$C24+0,"") | Z24: =IF($S24=3,$D24+0,"")
A25: 5.1 | B25: 3.3 | C25: 1.7 | D25: 0.5 | E25: Iris-setosa | G25: K2 | H25: =COUNTIF($S$2:$S$151, 2) -> 64 | L25: =SQRT(POWER(A25-$H$2,2) + POWER(B25-$I$2,2) + POWER(C25-$J$2,2) + POWER(D25-$K$2,2)) -> 1.118034 | M25: =SQRT(POWER(A25-$H$3,2) + POWER(B25-$I$3,2) + POWER(C25-$J$3,2) + POWER(D25-$K$3,2)) -> 3.6823905 | N25: =SQRT(POWER(A25-$H$4,2) + POWER(B25-$I$4,2) + POWER(C25-$J$4,2) + POWER(D25-$K$4,2)) -> 4.7423623 | O25: =MATCH(MIN(L25:N25), L25:N25, 0) -> 1 | P25: =SQRT(POWER(A25-$H$12,2) + POWER(B25-$I$12,2) + POWER(C25-$J$12,2) + POWER(D25-$K$12,2)) -> 1.118034 | Q25: =SQRT(POWER(A25-$H$13,2) + POWER(B25-$I$13,2) + POWER(C25-$J$13,2) + POWER(D25-$K$13,2)) -> 3.6823905 | R25: =SQRT(POWER(A25-$H$14,2) + POWER(B25-$I$14,2) + POWER(C25-$J$14,2) + POWER(D25-$K$14,2)) -> 4.7423623 | S25: =MATCH(MIN(P25:R25), P25:R25, 0) -> 1 | T25: =IF(O25=S25, 1, 0) -> 1 | U25: =IF($S25=1,$C25+0,"") -> 1.7 | V25: =IF($S25=1,$D25+0,"") -> 0.5 | W25: =IF($S25=2,$C25+0,"") | X25: =IF($S25=2,$D25+0,"") | Y25: =IF($S25=3,$C25+0,"") | Z25: =IF($S25=3,$D25+0,"")
A26: 4.8 | B26: 3.4 | C26: 1.9 | D26: 0.2 | E26: Iris-setosa | G26: K3 | H26: =COUNTIF($S$2:$S$151, 3) -> 35 | L26: =SQRT(POWER(A26-$H$2,2) + POWER(B26-$I$2,2) + POWER(C26-$J$2,2) + POWER(D26-$K$2,2)) -> 1.029563 | M26: =SQRT(POWER(A26-$H$3,2) + POWER(B26-$I$3,2) + POWER(C26-$J$3,2) + POWER(D26-$K$3,2)) -> 3.7696154 | N26: =SQRT(POWER(A26-$H$4,2) + POWER(B26-$I$4,2) + POWER(C26-$J$4,2) + POWER(D26-$K$4,2)) -> 4.8270074 | O26: =MATCH(MIN(L26:N26), L26:N26, 0) -> 1 | P26: =SQRT(POWER(A26-$H$12,2) + POWER(B26-$I$12,2) + POWER(C26-$J$12,2) + POWER(D26-$K$12,2)) -> 1.029563 | Q26: =SQRT(POWER(A26-$H$13,2) + POWER(B26-$I$13,2) + POWER(C26-$J$13,2) + POWER(D26-$K$13,2)) -> 3.7696154 | R26: =SQRT(POWER(A26-$H$14,2) + POWER(B26-$I$14,2) + POWER(C26-$J$14,2) + POWER(D26-$K$14,2)) -> 4.8270074 | S26: =MATCH(MIN(P26:R26), P26:R26, 0) -> 1 | T26: =IF(O26=S26, 1, 0) -> 1 | U26: =IF($S26=1,$C26+0,"") -> 1.9 | V26: =IF($S26=1,$D26+0,"") -> 0.2 | W26: =IF($S26=2,$C26+0,"") | X26: =IF($S26=2,$D26+0,"") | Y26: =IF($S26=3,$C26+0,"") | Z26: =IF($S26=3,$D26+0,"")
A27: 5.0 | B27: 3.0 | C27: 1.6 | D27: 0.2 | E27: Iris-setosa | G27: Total | H27: =SUM(H24:H26) -> 150 | L27: =SQRT(POWER(A27-$H$2,2) + POWER(B27-$I$2,2) + POWER(C27-$J$2,2) + POWER(D27-$K$2,2)) -> 0.8660254 | M27: =SQRT(POWER(A27-$H$3,2) + POWER(B27-$I$3,2) + POWER(C27-$J$3,2) + POWER(D27-$K$3,2)) -> 3.8678159 | N27: =SQRT(POWER(A27-$H$4,2) + POWER(B27-$I$4,2) + POWER(C27-$J$4,2) + POWER(D27-$K$4,2)) -> 4.9869831 | O27: =MATCH(MIN(L27:N27), L27:N27, 0) -> 1 | P27: =SQRT(POWER(A27-$H$12,2) + POWER(B27-$I$12,2) + POWER(C27-$J$12,2) + POWER(D27-$K$12,2)) -> 0.8660254 | Q27: =SQRT(POWER(A27-$H$13,2) + POWER(B27-$I$13,2) + POWER(C27-$J$13,2) + POWER(D27-$K$13,2)) -> 3.8678159 | R27: =SQRT(POWER(A27-$H$14,2) + POWER(B27-$I$14,2) + POWER(C27-$J$14,2) + POWER(D27-$K$14,2)) -> 4.9869831 | S27: =MATCH(MIN(P27:R27), P27:R27, 0) -> 1 | T27: =IF(O27=S27, 1, 0) -> 1 | U27: =IF($S27=1,$C27+0,"") -> 1.6 | V27: =IF($S27=1,$D27+0,"") -> 0.2 | W27: =IF($S27=2,$C27+0,"") | X27: =IF($S27=2,$D27+0,"") | Y27: =IF($S27=3,$C27+0,"") | Z27: =IF($S27=3,$D27+0,"")
A28: 5.0 | B28: 3.4 | C28: 1.6 | D28: 0.4 | E28: Iris-setosa | L28: =SQRT(POWER(A28-$H$2,2) + POWER(B28-$I$2,2) + POWER(C28-$J$2,2) + POWER(D28-$K$2,2)) -> 0.99498744 | M28: =SQRT(POWER(A28-$H$3,2) + POWER(B28-$I$3,2) + POWER(C28-$J$3,2) + POWER(D28-$K$3,2)) -> 3.8522721 | N28: =SQRT(POWER(A28-$H$4,2) + POWER(B28-$I$4,2) + POWER(C28-$J$4,2) + POWER(D28-$K$4,2)) -> 4.9061186 | O28: =MATCH(MIN(L28:N28), L28:N28, 0) -> 1 | P28: =SQRT(POWER(A28-$H$12,2) + POWER(B28-$I$12,2) + POWER(C28-$J$12,2) + POWER(D28-$K$12,2)) -> 0.99498744 | Q28: =SQRT(POWER(A28-$H$13,2) + POWER(B28-$I$13,2) + POWER(C28-$J$13,2) + POWER(D28-$K$13,2)) -> 3.8522721 | R28: =SQRT(POWER(A28-$H$14,2) + POWER(B28-$I$14,2) + POWER(C28-$J$14,2) + POWER(D28-$K$14,2)) -> 4.9061186 | S28: =MATCH(MIN(P28:R28), P28:R28, 0) -> 1 | T28: =IF(O28=S28, 1, 0) -> 1 | U28: =IF($S28=1,$C28+0,"") -> 1.6 | V28: =IF($S28=1,$D28+0,"") -> 0.4 | W28: =IF($S28=2,$C28+0,"") | X28: =IF($S28=2,$D28+0,"") | Y28: =IF($S28=3,$C28+0,"") | Z28: =IF($S28=3,$D28+0,"")
A29: 5.2 | B29: 3.5 | C29: 1.5 | D29: 0.2 | E29: Iris-setosa | L29: =SQRT(POWER(A29-$H$2,2) + POWER(B29-$I$2,2) + POWER(C29-$J$2,2) + POWER(D29-$K$2,2)) -> 1.1090537 | M29: =SQRT(POWER(A29-$H$3,2) + POWER(B29-$I$3,2) + POWER(C29-$J$3,2) + POWER(D29-$K$3,2)) -> 3.9217343 | N29: =SQRT(POWER(A29-$H$4,2) + POWER(B29-$I$4,2) + POWER(C29-$J$4,2) + POWER(D29-$K$4,2)) -> 5.0029991 | O29: =MATCH(MIN(L29:N29), L29:N29, 0) -> 1 | P29: =SQRT(POWER(A29-$H$12,2) + POWER(B29-$I$12,2) + POWER(C29-$J$12,2) + POWER(D29-$K$12,2)) -> 1.1090537 | Q29: =SQRT(POWER(A29-$H$13,2) + POWER(B29-$I$13,2) + POWER(C29-$J$13,2) + POWER(D29-$K$13,2)) -> 3.9217343 | R29: =SQRT(POWER(A29-$H$14,2) + POWER(B29-$I$14,2) + POWER(C29-$J$14,2) + POWER(D29-$K$14,2)) -> 5.0029991 | S29: =MATCH(MIN(P29:R29), P29:R29, 0) -> 1 | T29: =IF(O29=S29, 1, 0) -> 1 | U29: =IF($S29=1,$C29+0,"") -> 1.5 | V29: =IF($S29=1,$D29+0,"") -> 0.2 | W29: =IF($S29=2,$C29+0,"") | X29: =IF($S29=2,$D29+0,"") | Y29: =IF($S29=3,$C29+0,"") | Z29: =IF($S29=3,$D29+0,"")
A30: 5.2 | B30: 3.4 | C30: 1.4 | D30: 0.2 | E30: Iris-setosa | L30: =SQRT(POWER(A30-$H$2,2) + POWER(B30-$I$2,2) + POWER(C30-$J$2,2) + POWER(D30-$K$2,2)) -> 1.034408 | M30: =SQRT(POWER(A30-$H$3,2) + POWER(B30-$I$3,2) + POWER(C30-$J$3,2) + POWER(D30-$K$3,2)) -> 3.9899875 | N30: =SQRT(POWER(A30-$H$4,2) + POWER(B30-$I$4,2) + POWER(C30-$J$4,2) + POWER(D30-$K$4,2)) -> 5.0823223 | O30: =MATCH(MIN(L30:N30), L30:N30, 0) -> 1 | P30: =SQRT(POWER(A30-$H$12,2) + POWER(B30-$I$12,2) + POWER(C30-$J$12,2) + POWER(D30-$K$12,2)) -> 1.034408 | Q30: =SQRT(POWER(A30-$H$13,2) + POWER(B30-$I$13,2) + POWER(C30-$J$13,2) + POWER(D30-$K$13,2)) -> 3.9899875 | R30: =SQRT(POWER(A30-$H$14,2) + POWER(B30-$I$14,2) + POWER(C30-$J$14,2) + POWER(D30-$K$14,2)) -> 5.0823223 | S30: =MATCH(MIN(P30:R30), P30:R30, 0) -> 1 | T30: =IF(O30=S30, 1, 0) -> 1 | U30: =IF($S30=1,$C30+0,"") -> 1.4 | V30: =IF($S30=1,$D30+0,"") -> 0.2 | W30: =IF($S30=2,$C30+0,"") | X30: =IF($S30=2,$D30+0,"") | Y30: =IF($S30=3,$C30+0,"") | Z30: =IF($S30=3,$D30+0,"")
A31: 4.7 | B31: 3.2 | C31: 1.6 | D31: 0.2 | E31: Iris-setosa | L31: =SQRT(POWER(A31-$H$2,2) + POWER(B31-$I$2,2) + POWER(C31-$J$2,2) + POWER(D31-$K$2,2)) -> 0.678233 | M31: =SQRT(POWER(A31-$H$3,2) + POWER(B31-$I$3,2) + POWER(C31-$J$3,2) + POWER(D31-$K$3,2)) -> 4.0311289 | N31: =SQRT(POWER(A31-$H$4,2) + POWER(B31-$I$4,2) + POWER(C31-$J$4,2) + POWER(D31-$K$4,2)) -> 5.1048996 | O31: =MATCH(MIN(L31:N31), L31:N31, 0) -> 1 | P31: =SQRT(POWER(A31-$H$12,2) + POWER(B31-$I$12,2) + POWER(C31-$J$12,2) + POWER(D31-$K$12,2)) -> 0.678233 | Q31: =SQRT(POWER(A31-$H$13,2) + POWER(B31-$I$13,2) + POWER(C31-$J$13,2) + POWER(D31-$K$13,2)) -> 4.0311289 | R31: =SQRT(POWER(A31-$H$14,2) + POWER(B31-$I$14,2) + POWER(C31-$J$14,2) + POWER(D31-$K$14,2)) -> 5.1048996 | S31: =MATCH(MIN(P31:R31), P31:R31, 0) -> 1 | T31: =IF(O31=S31, 1, 0) -> 1 | U31: =IF($S31=1,$C31+0,"") -> 1.6 | V31: =IF($S31=1,$D31+0,"") -> 0.2 | W31: =IF($S31=2,$C31+0,"") | X31: =IF($S31=2,$D31+0,"") | Y31: =IF($S31=3,$C31+0,"") | Z31: =IF($S31=3,$D31+0,"")
A32: 4.8 | B32: 3.1 | C32: 1.6 | D32: 0.2 | E32: Iris-setosa | L32: =SQRT(POWER(A32-$H$2,2) + POWER(B32-$I$2,2) + POWER(C32-$J$2,2) + POWER(D32-$K$2,2)) -> 0.72111026 | M32: =SQRT(POWER(A32-$H$3,2) + POWER(B32-$I$3,2) + POWER(C32-$J$3,2) + POWER(D32-$K$3,2)) -> 3.9711459 | N32: =SQRT(POWER(A32-$H$4,2) + POWER(B32-$I$4,2) + POWER(C32-$J$4,2) + POWER(D32-$K$4,2)) -> 5.0635956 | O32: =MATCH(MIN(L32:N32), L32:N32, 0) -> 1 | P32: =SQRT(POWER(A32-$H$12,2) + POWER(B32-$I$12,2) + POWER(C32-$J$12,2) + POWER(D32-$K$12,2)) -> 0.72111026 | Q32: =SQRT(POWER(A32-$H$13,2) + POWER(B32-$I$13,2) + POWER(C32-$J$13,2) + POWER(D32-$K$13,2)) -> 3.9711459 | R32: =SQRT(POWER(A32-$H$14,2) + POWER(B32-$I$14,2) + POWER(C32-$J$14,2) + POWER(D32-$K$14,2)) -> 5.0635956 | S32: =MATCH(MIN(P32:R32), P32:R32, 0) -> 1 | T32: =IF(O32=S32, 1, 0) -> 1 | U32: =IF($S32=1,$C32+0,"") -> 1.6 | V32: =IF($S32=1,$D32+0,"") -> 0.2 | W32: =IF($S32=2,$C32+0,"") | X32: =IF($S32=2,$D32+0,"") | Y32: =IF($S32=3,$C32+0,"") | Z32: =IF($S32=3,$D32+0,"")
A33: 5.4 | B33: 3.4 | C33: 1.5 | D33: 0.4 | E33: Iris-setosa | L33: =SQRT(POWER(A33-$H$2,2) + POWER(B33-$I$2,2) + POWER(C33-$J$2,2) + POWER(D33-$K$2,2)) -> 1.2727922 | M33: =SQRT(POWER(A33-$H$3,2) + POWER(B33-$I$3,2) + POWER(C33-$J$3,2) + POWER(D33-$K$3,2)) -> 3.7696154 | N33: =SQRT(POWER(A33-$H$4,2) + POWER(B33-$I$4,2) + POWER(C33-$J$4,2) + POWER(D33-$K$4,2)) -> 4.8518038 | O33: =MATCH(MIN(L33:N33), L33:N33, 0) -> 1 | P33: =SQRT(POWER(A33-$H$12,2) + POWER(B33-$I$12,2) + POWER(C33-$J$12,2) + POWER(D33-$K$12,2)) -> 1.2727922 | Q33: =SQRT(POWER(A33-$H$13,2) + POWER(B33-$I$13,2) + POWER(C33-$J$13,2) + POWER(D33-$K$13,2)) -> 3.7696154 | R33: =SQRT(POWER(A33-$H$14,2) + POWER(B33-$I$14,2) + POWER(C33-$J$14,2) + POWER(D33-$K$14,2)) -> 4.8518038 | S33: =MATCH(MIN(P33:R33), P33:R33, 0) -> 1 | T33: =IF(O33=S33, 1, 0) -> 1 | U33: =IF($S33=1,$C33+0,"") -> 1.5 | V33: =IF($S33=1,$D33+0,"") -> 0.4 | W33: =IF($S33=2,$C33+0,"") | X33: =IF($S33=2,$D33+0,"") | Y33: =IF($S33=3,$C33+0,"") | Z33: =IF($S33=3,$D33+0,"")
A34: 5.2 | B34: 4.1 | C34: 1.5 | D34: 0.1 | E34: Iris-setosa | L34: =SQRT(POWER(A34-$H$2,2) + POWER(B34-$I$2,2) + POWER(C34-$J$2,2) + POWER(D34-$K$2,2)) -> 1.4764823 | M34: =SQRT(POWER(A34-$H$3,2) + POWER(B34-$I$3,2) + POWER(C34-$J$3,2) + POWER(D34-$K$3,2)) -> 4.1024383 | N34: =SQRT(POWER(A34-$H$4,2) + POWER(B34-$I$4,2) + POWER(C34-$J$4,2) + POWER(D34-$K$4,2)) -> 5.1166395 | O34: =MATCH(MIN(L34:N34), L34:N34, 0) -> 1 | P34: =SQRT(POWER(A34-$H$12,2) + POWER(B34-$I$12,2) + POWER(C34-$J$12,2) + POWER(D34-$K$12,2)) -> 1.4764823 | Q34: =SQRT(POWER(A34-$H$13,2) + POWER(B34-$I$13,2) + POWER(C34-$J$13,2) + POWER(D34-$K$13,2)) -> 4.1024383 | R34: =SQRT(POWER(A34-$H$14,2) + POWER(B34-$I$14,2) + POWER(C34-$J$14,2) + POWER(D34-$K$14,2)) -> 5.1166395 | S34: =MATCH(MIN(P34:R34), P34:R34, 0) -> 1 | T34: =IF(O34=S34, 1, 0) -> 1 | U34: =IF($S34=1,$C34+0,"") -> 1.5 | V34: =IF($S34=1,$D34+0,"") -> 0.1 | W34: =IF($S34=2,$C34+0,"") | X34: =IF($S34=2,$D34+0,"") | Y34: =IF($S34=3,$C34+0,"") | Z34: =IF($S34=3,$D34+0,"")
A35: 5.5 | B35: 4.2 | C35: 1.4 | D35: 0.2 | E35: Iris-setosa | L35: =SQRT(POWER(A35-$H$2,2) + POWER(B35-$I$2,2) + POWER(C35-$J$2,2) + POWER(D35-$K$2,2)) -> 1.7262677 | M35: =SQRT(POWER(A35-$H$3,2) + POWER(B35-$I$3,2) + POWER(C35-$J$3,2) + POWER(D35-$K$3,2)) -> 4.0804412 | N35: =SQRT(POWER(A35-$H$4,2) + POWER(B35-$I$4,2) + POWER(C35-$J$4,2) + POWER(D35-$K$4,2)) -> 5.0852729 | O35: =MATCH(MIN(L35:N35), L35:N35, 0) -> 1 | P35: =SQRT(POWER(A35-$H$12,2) + POWER(B35-$I$12,2) + POWER(C35-$J$12,2) + POWER(D35-$K$12,2)) -> 1.7262677 | Q35: =SQRT(POWER(A35-$H$13,2) + POWER(B35-$I$13,2) + POWER(C35-$J$13,2) + POWER(D35-$K$13,2)) -> 4.0804412 | R35: =SQRT(POWER(A35-$H$14,2) + POWER(B35-$I$14,2) + POWER(C35-$J$14,2) + POWER(D35-$K$14,2)) -> 5.0852729 | S35: =MATCH(MIN(P35:R35), P35:R35, 0) -> 1 | T35: =IF(O35=S35, 1, 0) -> 1 | U35: =IF($S35=1,$C35+0,"") -> 1.4 | V35: =IF($S35=1,$D35+0,"") -> 0.2 | W35: =IF($S35=2,$C35+0,"") | X35: =IF($S35=2,$D35+0,"") | Y35: =IF($S35=3,$C35+0,"") | Z35: =IF($S35=3,$D35+0,"")
A36: 4.9 | B36: 3.1 | C36: 1.5 | D36: 0.1 | E36: Iris-setosa | L36: =SQRT(POWER(A36-$H$2,2) + POWER(B36-$I$2,2) + POWER(C36-$J$2,2) + POWER(D36-$K$2,2)) -> 0.72801099 | M36: =SQRT(POWER(A36-$H$3,2) + POWER(B36-$I$3,2) + POWER(C36-$J$3,2) + POWER(D36-$K$3,2)) -> 4.0348482 | N36: =SQRT(POWER(A36-$H$4,2) + POWER(B36-$I$4,2) + POWER(C36-$J$4,2) + POWER(D36-$K$4,2)) -> 5.1468437 | O36: =MATCH(MIN(L36:N36), L36:N36, 0) -> 1 | P36: =SQRT(POWER(A36-$H$12,2) + POWER(B36-$I$12,2) + POWER(C36-$J$12,2) + POWER(D36-$K$12,2)) -> 0.72801099 | Q36: =SQRT(POWER(A36-$H$13,2) + POWER(B36-$I$13,2) + POWER(C36-$J$13,2) + POWER(D36-$K$13,2)) -> 4.0348482 | R36: =SQRT(POWER(A36-$H$14,2) + POWER(B36-$I$14,2) + POWER(C36-$J$14,2) + POWER(D36-$K$14,2)) -> 5.1468437 | S36: =MATCH(MIN(P36:R36), P36:R36, 0) -> 1 | T36: =IF(O36=S36, 1, 0) -> 1 | U36: =IF($S36=1,$C36+0,"") -> 1.5 | V36: =IF($S36=1,$D36+0,"") -> 0.1 | W36: =IF($S36=2,$C36+0,"") | X36: =IF($S36=2,$D36+0,"") | Y36: =IF($S36=3,$C36+0,"") | Z36: =IF($S36=3,$D36+0,"")
A37: 5.0 | B37: 3.2 | C37: 1.2 | D37: 0.2 | E37: Iris-setosa | L37: =SQRT(POWER(A37-$H$2,2) + POWER(B37-$I$2,2) + POWER(C37-$J$2,2) + POWER(D37-$K$2,2)) -> 0.74161985 | M37: =SQRT(POWER(A37-$H$3,2) + POWER(B37-$I$3,2) + POWER(C37-$J$3,2) + POWER(D37-$K$3,2)) -> 4.2190046 | N37: =SQRT(POWER(A37-$H$4,2) + POWER(B37-$I$4,2) + POWER(C37-$J$4,2) + POWER(D37-$K$4,2)) -> 5.316954 | O37: =MATCH(MIN(L37:N37), L37:N37, 0) -> 1 | P37: =SQRT(POWER(A37-$H$12,2) + POWER(B37-$I$12,2) + POWER(C37-$J$12,2) + POWER(D37-$K$12,2)) -> 0.74161985 | Q37: =SQRT(POWER(A37-$H$13,2) + POWER(B37-$I$13,2) + POWER(C37-$J$13,2) + POWER(D37-$K$13,2)) -> 4.2190046 | R37: =SQRT(POWER(A37-$H$14,2) + POWER(B37-$I$14,2) + POWER(C37-$J$14,2) + POWER(D37-$K$14,2)) -> 5.316954 | S37: =MATCH(MIN(P37:R37), P37:R37, 0) -> 1 | T37: =IF(O37=S37, 1, 0) -> 1 | U37: =IF($S37=1,$C37+0,"") -> 1.2 | V37: =IF($S37=1,$D37+0,"") -> 0.2 | W37: =IF($S37=2,$C37+0,"") | X37: =IF($S37=2,$D37+0,"") | Y37: =IF($S37=3,$C37+0,"") | Z37: =IF($S37=3,$D37+0,"")
A38: 5.5 | B38: 3.5 | C38: 1.3 | D38: 0.2 | E38: Iris-setosa | L38: =SQRT(POWER(A38-$H$2,2) + POWER(B38-$I$2,2) + POWER(C38-$J$2,2) + POWER(D38-$K$2,2)) -> 1.3190906 | M38: =SQRT(POWER(A38-$H$3,2) + POWER(B38-$I$3,2) + POWER(C38-$J$3,2) + POWER(D38-$K$3,2)) -> 3.9837169 | N38: =SQRT(POWER(A38-$H$4,2) + POWER(B38-$I$4,2) + POWER(C38-$J$4,2) + POWER(D38-$K$4,2)) -> 5.0813384 | O38: =MATCH(MIN(L38:N38), L38:N38, 0) -> 1 | P38: =SQRT(POWER(A38-$H$12,2) + POWER(B38-$I$12,2) + POWER(C38-$J$12,2) + POWER(D38-$K$12,2)) -> 1.3190906 | Q38: =SQRT(POWER(A38-$H$13,2) + POWER(B38-$I$13,2) + POWER(C38-$J$13,2) + POWER(D38-$K$13,2)) -> 3.9837169 | R38: =SQRT(POWER(A38-$H$14,2) + POWER(B38-$I$14,2) + POWER(C38-$J$14,2) + POWER(D38-$K$14,2)) -> 5.0813384 | S38: =MATCH(MIN(P38:R38), P38:R38, 0) -> 1 | T38: =IF(O38=S38, 1, 0) -> 1 | U38: =IF($S38=1,$C38+0,"") -> 1.3 | V38: =IF($S38=1,$D38+0,"") -> 0.2 | W38: =IF($S38=2,$C38+0,"") | X38: =IF($S38=2,$D38+0,"") | Y38: =IF($S38=3,$C38+0,"") | Z38: =IF($S38=3,$D38+0,"")
A39: 4.9 | B39: 3.1 | C39: 1.5 | D39: 0.1 | E39: Iris-setosa | L39: =SQRT(POWER(A39-$H$2,2) + POWER(B39-$I$2,2) + POWER(C39-$J$2,2) + POWER(D39-$K$2,2)) -> 0.72801099 | M39: =SQRT(POWER(A39-$H$3,2) + POWER(B39-$I$3,2) + POWER(C39-$J$3,2) + POWER(D39-$K$3,2)) -> 4.0348482 | N39: =SQRT(POWER(A39-$H$4,2) + POWER(B39-$I$4,2) + POWER(C39-$J$4,2) + POWER(D39-$K$4,2)) -> 5.1468437 | O39: =MATCH(MIN(L39:N39), L39:N39, 0) -> 1 | P39: =SQRT(POWER(A39-$H$12,2) + POWER(B39-$I$12,2) + POWER(C39-$J$12,2) + POWER(D39-$K$12,2)) -> 0.72801099 | Q39: =SQRT(POWER(A39-$H$13,2) + POWER(B39-$I$13,2) + POWER(C39-$J$13,2) + POWER(D39-$K$13,2)) -> 4.0348482 | R39: =SQRT(POWER(A39-$H$14,2) + POWER(B39-$I$14,2) + POWER(C39-$J$14,2) + POWER(D39-$K$14,2)) -> 5.1468437 | S39: =MATCH(MIN(P39:R39), P39:R39, 0) -> 1 | T39: =IF(O39=S39, 1, 0) -> 1 | U39: =IF($S39=1,$C39+0,"") -> 1.5 | V39: =IF($S39=1,$D39+0,"") -> 0.1 | W39: =IF($S39=2,$C39+0,"") | X39: =IF($S39=2,$D39+0,"") | Y39: =IF($S39=3,$C39+0,"") | Z39: =IF($S39=3,$D39+0,"")
... A151: 5.9 | B151: 3.0 | C151: 5.1 | D151: 1.8 | E151: Iris-virginica | L151: =SQRT(POWER(A151-$H$2,2) + POWER(B151-$I$2,2) + POWER(C151-$J$2,2) + POWER(D151-$K$2,2)) -> 4.6314145 | M151: =SQRT(POWER(A151-$H$3,2) + POWER(B151-$I$3,2) + POWER(C151-$J$3,2) + POWER(D151-$K$3,2)) -> 1.0488088 | N151: =SQRT(POWER(A151-$H$4,2) + POWER(B151-$I$4,2) + POWER(C151-$J$4,2) + POWER(D151-$K$4,2)) -> 1.2845233 | O151: =MATCH(MIN(L151:N151), L151:N151, 0) -> 2 | P151: =SQRT(POWER(A151-$H$12,2) + POWER(B151-$I$12,2) + POWER(C151-$J$12,2) + POWER(D151-$K$12,2)) -> 4.6314145 | Q151: =SQRT(POWER(A151-$H$13,2) + POWER(B151-$I$13,2) + POWER(C151-$J$13,2) + POWER(D151-$K$13,2)) -> 1.0488088 | R151: =SQRT(POWER(A151-$H$14,2) + POWER(B151-$I$14,2) + POWER(C151-$J$14,2) + POWER(D151-$K$14,2)) -> 1.2845233 | S151: =MATCH(MIN(P151:R151), P151:R151, 0) -> 2 | T151: =IF(O151=S151, 1, 0) -> 1 | U151: =IF($S151=1,$C151+0,"") | V151: =IF($S151=1,$D151+0,"") | W151: =IF($S151=2,$C151+0,"") -> 5.1 | X151: =IF($S151=2,$D151+0,"") -> 1.8 | Y151: =IF($S151=3,$C151+0,"") | Z151: =IF($S151=3,$D151+0,"")

Sheet Perguntas & Respostas
A1: Questão 1: Quantas iterações foram necessárias até o algoritmo convergir? Descreva o processo de convergência observado.
A3: O algoritmo K-means convergiu na 2ª iteração.
A5: A convergência ocorre quando os centroides param de se mover e a atribuição dos pontos não muda entre duas iterações consecutivas.
A7: Na comparação entre o Cluster ID da Iteração 1 (Coluna O) e da Iteração 2 (Coluna S), todos os 150 pontos mantiveram a mesma atribuição.
A9: A soma da coluna "Converged?" (Coluna T) foi igual a 150, confirmando a estabilidade do modelo e o fim do ciclo.
A11: Questão 2: Quantas flores foram atribuídas a cada cluster? Apresente a distribuição final.
A13: A distribuição final dos 150 pontos de dados nos três clusters foi obtida pela contagem da coluna "Cluster ID (It 2)" (Coluna S). Cada valor representa quantas flores foram atribuídas a K1, K2 e K3, somando 150 no total.
A15: Cluster | B15: Contagem De Flores
A16: K1 | B16: =COUNTIF('Data & K-means'!S2:S151,1) -> 51
A17: K2 | B17: =COUNTIF('Data & K-means'!S2:S151,2) -> 64
A18: K3 | B18: =COUNTIF('Data & K-means'!S2:S151,3) -> 35
A19: Total | B19: =SUM(B16:B18) -> 150
A21: Questão 3: Os clusters formados correspondem às espécies reais das flores? Crie uma tabela cruzada mostrando essa comparação.
A23: Para medir a qualidade do agrupamento, comparamos o Cluster ID Final (Coluna S) com a Espécie Real (Coluna E) usando uma Tabela Cruzada (Matriz de Confusão).
A25: Espécie Real | B25: Cluster ID = 1 | C25: Cluster ID = 2 | D25: Cluster ID = 3
A26: Iris-Setosa | B26: =COUNTIFS('Data & K-means'!E:E,"Iris-setosa",'Data & K-means'!S:S,1) -> 50 | C26: =COUNTIFS('Data & K-means'!E:E,"Iris-setosa",'Data & K-means'!S:S,2) -> 0 | D26: =COUNTIFS('Data & K-means'!E:E,"Iris-setosa",'Data & K-means'!S:S,3) -> 0
A27: Iris-Versicolor | B27: =COUNTIFS('Data & K-means'!E:E,"Iris-versicolor",'Data & K-means'!S:S,1) -> 1 | C27: =COUNTIFS('Data & K-means'!E:E,"Iris-versicolor",'Data & K-means'!S:S,2) -> 49 | D27: =COUNTIFS('Data & K-means'!E:E,"Iris-versicolor",'Data & K-means'!S:S,3) -> 0
A28: Iris-Virginica | B28: =COUNTIFS('Data & K-means'!E:E,"Iris-virginica",'Data & K-means'!S:S,1) -> 0 | C28: =COUNTIFS('Data & K-means'!E:E,"Iris-virginica",'Data & K-means'!S:S,2) -> 15 | D28: =COUNTIFS('Data & K-means'!E:E,"Iris-virginica",'Data & K-means'!S:S,3) -> 35
A30: Pode-se observar que o agrupamento foi muito bom para Iris-Setosa (Separação perfeita)
A32: A tabeba mostra uma mistura entre Iris-Versicolor e Iris-Virginica, visto que essas espécies são difíceis de diferenciar
A34: Questão 4: O que aconteceria se você escolhesse diferentes centroides iniciais?
A36: A escolha dos centroides iniciais afeta o resultado final do K-means
A38: O K-means é sensível, isto é, converge para o ótimo local mais próximo do ponto de partida
A40: Diferentes centroides iniciais levam a diferentes ótimos locais, o que leva a resultado final diferente
A42: Em datasets complexos, isso pode gerar agrupamentos ruins
A44: Questão 5: Por que usamos apenas 2 características (Comprimento e Largura da Sépala) em vez de todas as 4? Quais seriam as vantagens e desvantagens de usar todas as características?
A46: Usa-se 2 características no gráfico para melhor visualização 2D do resultado. No cálculo do K-means (Distância Euclidiana) usou-se as 4 características para garantir precisão
A48: Vantagem de usar 4 Características
A50: Precisão máxima no agrupamento, visto que as dimensões da pétala são as mais importantes para distinguir as espécies
A52: Desvantagem de usar 4 Características
... A62: Alterando a equação da distância Euclidiana para 4 dimensões, isto é, utilizando as 4 colunas, temos
A65: Distância 4D | B65: =SQRT(POWER('Data & K-means'!A2-'Data & K-means'!$H$2,2) + POWER('Data & K-means'!B2-'Data & K-means'!$I$2,2) + POWER('Data & K-means'!C2-'Data & K-means'!$J$2,2) + POWER('Data & K-means'!D2-'Data & K-means'!$K$2,2)) -> 0.99498744
